,Date,Tweets
0,2020-12-30 08:20:40+00:00," Hai, 

Pendaftaran tidak diperlukan untuk menyertai Kempen ini. 

Sekian,"
1,2020-12-28 06:52:36+00:00," Hi, .

Berikutan pengumuman Perintah Kawalan Pergerakan Bersyarat (PKPB) , waktu operasi cawangan kami di kawasan yang terlibat telah disemak semula ke 10.00 pagi hingga 3.00 petang, Isnin hingga Jumaat, sehingga PKPB berakhir.

Sekian,"
2,2020-12-28 06:42:57+00:00," Hi, ,

We would appreciate if you could call AmBank Contact Centre to check on the status of the hire purchase account.

Regards,"
3,2020-12-24 02:36:51+00:00,"  Hi 

You can provide the online receipt to the merchant if the transaction has been successfully transmitted via AmOnline.

Scroll down the main page to ‚ÄòRecent AmOnline Transactions‚Äô to download the receipt.

Thank you."
4,2020-12-21 03:27:31+00:00," Hi Mohd Ariff

Kindly refer to our reply via DM.

Thank you."
5,2020-12-18 10:01:51+00:00," Hi 

Kindly provide complete details via DM for further assistance.

Thank you."
6,2020-12-18 01:58:38+00:00,"The Top 30 SMEs participants in the   S3 under the Halal Quest track have been selected! 
They will undergo online training sessions by Halal Development Corporation Berhad (HDC), then a business pitch to qualify for the next phase. Info @  "
7,2020-12-17 03:08:43+00:00," Hai Fikry A Rahman

Kami memohon maaf kerana Pusat Panggilan AmBank sedang mengalami kadar panggilan yang tinggi.

Kami amat menghargai sekiranya anda dapat menghantar mesej melalui AmOnline untuk bantuan selanjutnya ke atas akaun / pinjaman.

Terima kasih."
8,2020-12-16 02:34:15+00:00," and RM30,000 could be yours! Simply spend with your AmBank Debit Card to win.

The more you  with your AmBank Debit Card, the more chances you get to win! So what are you waiting for?

For more info, visit  "
9,2020-12-16 01:46:14+00:00,"_ Hai _

Waktu operasi Pusat Panggilan AmBank (03-2178 8888) adalah 7 pagi ‚Äì 11 malam.

Terima kasih."
10,2020-12-14 09:18:10+00:00," Hi 

Kindly provide complete details via DM for our checking.

Thank you."
11,2020-12-14 08:58:26+00:00," Hi 

Kindly specify the following details for our checking:

-Branch location (Country Homes / Bandar Baru Rawang)
-Time of incident

Thank you."
12,2020-12-14 08:54:12+00:00,"_ride_rbl _official Hi _ride_rbl

Due to the limited text capacity, we would appreciate if you refer to our reply via DM.

Thank you."
13,2020-12-11 03:05:16+00:00,"_yuen Hi Zulkarnain

This is a promotion that caters for new first time car buyers and applicable only for New National Vehicles (Proton &amp; Perodua).

Due to the limited text capacity, we would appreciate if you could DM us for full details of the said campaign.

Thank you."
14,2020-12-10 01:43:49+00:00," Hi Faez

Online transfer can be conveniently authorized via AmOnline app.

Kindly specify the issue / error prompted for our checking.

Thank you."
15,2020-12-09 05:39:56+00:00," Hi Pebblepick3r

Kindly specify the following details for our checking:

-Branch location (USJ Sentral / USJ Taipan)
-Time of incident

Thank you."
16,2020-12-08 10:08:06+00:00," Hi SofiyyahMustaffa

Kindly follow the steps below for loan payment via AmOnline:

Transfer Money &gt; Choose ‚ÄúOwn / Favourite‚Äù &gt; Choose ‚ÄúMyself‚Äù &gt; Select the Loan Account from ‚ÄúAmBank‚Äù Listing &gt; Enter amount to pay

Thank you."
17,2020-12-07 07:19:46+00:00,"AmOnline eFixed Deposit Promo is now on from 1 December 2020 - 31 December 2020. Boost your returns with our eFD promotion rate @ 2.30%p.a. for 6 months via AmOnline! Use Reward Code: BEST6. Terms and Conditions apply. For more info, visit 
  "
18,2020-12-06 01:26:01+00:00," Hi Robert Lim

Kindly provide complete details via DM for our escalation.

Thank you."
19,2020-12-04 10:58:24+00:00," Hai 

Sila nyatakan maklumat lengkap melalui DM untuk semakan selanjutnya.

Terima kasih."
20,2020-12-03 11:02:40+00:00," Hi 

We would appreciate if you could send foreign cheque to our Cheque Processing Centre at this address:

Cheque Processing Centre
Level 6, Tower 1, Wisma AmFirst
Jalan Stadium SS7/15
47301 Petaling Jaya
Selangor Darul Ehsan
Malaysia

Thank you."
21,2020-12-02 11:18:24+00:00," _official Hai 

Sila semak DM anda untuk bantuan selanjutnya.

Terima kasih."
22,2020-12-02 02:43:14+00:00," Hi 

The error indicates that the mobile number is not registered for TAC.

We would appreciate if you could call Contact Centre at 03-2178 8888 (7am ‚Äì 11pm) to update your mobile number for TAC.

Thank you."
23,2020-12-01 06:32:57+00:00," Hai Kent CWC

Kami amat menghargai sekiranya anda boleh hubungi Pusat Panggilan AmBank di talian 03-2178 8888 (7 pagi ‚Äì 11 malam) untuk mengemaskini nombor telefon bagi menerima TAC.

Fasiliti tersebut tidak ditawarkan melalui ATM.

Terima kasih."
24,2020-12-01 06:23:28+00:00,"  _official Hai 

Sila layari laman web ini untuk Program Bantuan Pembayaran Bersasar AmBank:


Terima kasih."
25,2020-11-30 10:29:18+00:00," Hi 

Kindly provide complete details via PM for further assistance.

Thank you."
26,2020-11-29 07:00:25+00:00,"We pray for their speedy recovery. Pls stay safe, everyone. "
27,2020-11-27 10:20:45+00:00," Hai Dai Afam

Sila kemukakan maklumat lanjut melalui DM untuk semakan selanjutnya.

Terima kasih."
28,2020-11-27 10:19:05+00:00,"_nyn _official Hai Hakim Nayan

Sila kemukakan maklumat lanjut melalui DM untuk semakan selanjutnya.

Terima kasih."
29,2020-11-27 10:15:16+00:00,"@____vrendee Hai Darthdee

Kami memohon maaf kerana Pusat Panggilan AmBank sedang mengalami kadar panggilan yang tinggi.

Kami amat menghargai sekiranya anda dapat menghantar mesej melalui AmOnline untuk bantuan selanjutnya ke atas akaun / pinjaman.

Terima kasih."
30,2020-11-27 02:39:12+00:00," Hi Izzatul Nadhirah Esa

We would appreciate if you could send message via AmOnline app for further clarification on the transaction details.

You may log in to AmOnline app &gt; Menu &gt; Inbox &gt; AmMail tab to send message.

Thank you."
31,2020-11-24 14:45:40+00:00,"Our Targeted Repayment Assistance Programme is now available. Pls do note that there will be interest / profit charged to the loan / financing that you are applying for. To request, visit 
In the meantime, please do take care and stay safe, always."
32,2020-11-24 02:10:47+00:00," Hai Zaza Sabran

Kami memohon maaf kerana Pusat Panggilan AmBank sedang mengalami kadar panggilan yang tinggi.

Kami amat menghargai sekiranya anda dapat menghantar mesej melalui AmOnline untuk bantuan selanjutnya ke atas akaun / pinjaman.

Terima kasih."
33,2020-11-23 04:53:14+00:00," Hai Rynycute

Sila kemukakan maklumat lengkap melalui DM untuk bantuan selanjutnya.

Terima kasih."
34,2020-11-20 07:22:29+00:00," Hai, 

Anda boleh menyemak mesej anda untuk bantuan lanjut.

Sekian,"
35,2020-11-20 07:17:50+00:00," Hi, 

Kindly be advised that the third party must bring a Letter Administration (LA) from Amanah Raya / High Court / Pejabat Tanah to the nearest AmBank Branches.

Only the beneficiary name in the LA letter is allowed to request for the car grant.

Regards,"
36,2020-11-19 04:54:23+00:00,"_KimJeon Hi _KimJeon

We would appreciate if you could uninstall the current version and re-install the new AmOnline apps via the apps store.

Thank you."
37,2020-11-19 04:10:27+00:00," _official Hi 

Pautan yang tepat untuk mengakses ke laman sesawang tersebut adalah:


Terima kasih."
38,2020-11-18 01:58:24+00:00," Hai Aqil

Sila kemukakan maklumat lengkap melalui DM untuk semakan selanjutnya.

Terima kasih."
39,2020-11-16 06:59:44+00:00," Hai 

Sila kemukakan maklumat lanjut melalui PM untuk bantuan selanjutnya.

Terima kasih."
40,2020-11-13 10:27:40+00:00,"Dear customers, please beware and be vigilant of SMS scams. AmBank will never request for your banking or personal information via SMS. Always remember that, and do share this to your family and friends. For more info, visit 
  "
41,2020-11-10 10:05:07+00:00,"Shop for the trendiest fashion style or get the latest beauty deals and grab an EXTRA RM 5 Bonus Cashback when you make your FIRST purchase at any fashion or beauty merchants via ShopBack. Campaign period: 9 November -31 December 2020. For more info, visit  "
42,2020-11-09 02:14:10+00:00," Hai 

Sila kemukakan maklumat lengkap melalui PM untuk bantuan selanjutnya.

Terima kasih."
43,2020-11-09 02:09:44+00:00,"  Hi FcKinsey &amp; Co

AmBank has issued directives to all staff to adhere to the governmental and regulatory SOP. Please be assured that all close contacts have been working from home.
All the necessary precautions are taken to ensure that everyone is following the new norm SOP."
44,2020-11-09 01:50:56+00:00,"Budget Report 2021 is out. Dato‚Äô Sulaiman Mohd Tahir, our Group CEO, offers up his thoughts on the latest budget being more targeted and focused, as opposed to being broadbased.
 
"
45,2020-11-05 02:22:15+00:00,"_hafizi Hi FirdausHafizi

We have replied your PM regarding query on moratorium.

Thank you."
46,2020-11-04 10:27:37+00:00,"_hafizi Hi FirdausHafizi

Kindly provide complete details via PM for further assistance.

Thank you."
47,2020-11-04 03:32:37+00:00,"To all our valued cardholders, we bring you an important notice with regards to AmBonus Points' rewards redemption delivery services to East Malaysia.  everyone "
48,2020-11-02 03:00:45+00:00," Hi 

Kindly refer to our reply via PM for further assistance.

Thank you."
49,2020-10-31 09:57:16+00:00,"   Greetings from AmBank 

Hi, 

You may send your details to us via email at customercare.com for further escalation. 

Any inconvenience caused is very much regretted.

Regards"
50,2020-10-30 12:59:14+00:00," Salam Sejahtera daripada AmBank

Hai,ÿ≤ŸàŸÑ


Kami memohon kerjasama anda untuk mengemukakan nombor kad pengenalan/pasport dan nombor telefon anda untuk semakan lanjut

Sekian"
51,2020-10-30 12:55:03+00:00," Salam Sejahtera daripada AmBank

Hai, Black Heart


Kami memohon maaf atas kesulitan tersebut, terima kasih atas bayaran anda pada bulan Oktober.

Terima kasih"
52,2020-10-30 12:43:57+00:00," Salam Sejahtera daripada AmBank 

Hai, Izzatul Nazmeen


Kami memohon kerjasama anda untuk mengemukakan pertanyaan anda dengan lebih lanjut untuk bantuan dan nasihat lanjut

Sekian"
53,2020-10-28 01:35:36+00:00," Hi 

Kindly specify the machine location for our onwards action.

Thank you."
54,2020-10-28 01:33:19+00:00," Hi 

To ensure confidentiality and security, we are unable to verify any account details via Facebook.

We would appreciate if the accountholder could call Contact Centre at 03-2178 8888 (7am ‚Äì 11pm) for further assistance on the said issue.

Thank you."
55,2020-10-27 00:58:04+00:00," Hai Black Heart

Adalah dimaklumkan bahawa pihak bank telah menghantar notifikasi melalui SMS kepada semua peminjam berkenaan bayaran pinjaman selepas moratorium.

Terima kasih."
56,2020-10-26 09:50:14+00:00," Hai Black Heart

Adalah dimaklumkan bahawa pihak bank telah menghantar notifikasi melalui SMS kepada semua peminjam berkenaan bayaran pinjaman selepas moratorium.

Terima kasih."
57,2020-10-20 01:13:51+00:00," Hi 

We are pleased to inform that the apps issue has been resolved.

If you are the affected IOS user, kindly update the latest AmOnline version from App Store.

Any inconvenience caused is very much regretted.

Thank you."
58,2020-10-20 01:12:19+00:00," Hi 

We are pleased to inform that the apps issue has been resolved.

If you are the affected IOS user, kindly update the latest AmOnline version from App Store.

Any inconvenience caused is very much regretted.

Thank you."
59,2020-10-20 01:10:58+00:00,"_man_ Hi _man_

We are pleased to inform that the apps issue has been resolved.

If you are the affected IOS user, kindly update the latest AmOnline version from App Store.

Any inconvenience caused is very much regretted.

Thank you."
60,2020-10-20 01:09:28+00:00," Hi 

We are pleased to inform that the apps issue has been resolved.

If you are the affected IOS user, kindly update the latest AmOnline version from App Store.

Any inconvenience caused is very much regretted.

Thank you."
61,2020-10-19 04:00:11+00:00,"_huat Hi Lim Chin Huat

Kindly be advised that we are in the midst of rectifying the issue.

In the meantime, we would appreciate if you could perform transaction via AmOnline web:


Any inconvenience caused is very much regretted.

Thank you."
62,2020-10-19 03:59:01+00:00,"_huat Hi Lim Chin Huat

Kindly be advised that we are in the midst of rectifying the issue.

In the meantime, we would appreciate if you could perform transaction via AmOnline web:


Any inconvenience caused is very much regretted.

Thank you."
63,2020-10-19 03:57:45+00:00," Hi 

Kindly be advised that we are in the midst of rectifying the issue.

In the meantime, we would appreciate if you could perform transaction via AmOnline web:


Any inconvenience caused is very much regretted.

Thank you."
64,2020-10-19 03:40:57+00:00," Hi 

Kindly be advised that we are in the midst of rectifying the issue.

In the meantime, we would appreciate if you could perform transaction via AmOnline web:


Any inconvenience caused is very much regretted.

Thank you."
65,2020-10-18 13:26:46+00:00,We pray for her smooth recovery. Official statement below. Take care everyone. 
66,2020-10-14 07:03:28+00:00,"Just entered the workforce? Ready for the next progress in your life? Get your FIRST car with us! Visit your nearest Perodua showroom to find out more about our preferential rates. See you there! Valid from 1 Oct 2020 until 31 Dec 2020
    "
67,2020-10-12 10:14:51+00:00," Hi 

We would appreciate if you could provide further details via PM for our assistance.

Thank you."
68,2020-10-12 01:43:55+00:00," Hai 

Kami memohon maaf kerana Pusat Panggilan AmBank sedang mengalami kadar panggilan yang tinggi.

Sila nyatakan jenis transaksi dan kod (error code) yang dipaparkan di AmOnline untuk semakan selanjutnya.

Terima kasih."
69,2020-10-12 01:35:57+00:00," Hi 

Kindly specify which AmOnline features that are not functioning for our checking.

Thank you."
70,2020-10-12 01:33:32+00:00," Hi JuneResources

We are sorry that our Contact Centre is currently experiencing high call volumes.

We would appreciate if you could send message via AmOnline app for further assistance on the said request.

Thank you."
71,2020-10-09 10:03:58+00:00,"Our New AmOnline app features AmSecure, a TAC-less method to authorise transactions within the app! It‚Äôs safe, and more seamless.

Experience to believe it, download the new AmOnline app now from your respective app store!

For more information, go to  "
72,2020-10-08 01:12:21+00:00,"_ Hai _

Anda boleh melaporkan isu tersebut melalui AmOnline app untuk semakan selanjutnya.

Login ke AmOnline app &gt; Menu &gt; Inbox &gt; AmMail tab dan tekan ‚ÄòCreate New Message‚Äô untuk hantar mesej melalui app.

Terima kasih."
73,2020-10-08 01:09:00+00:00," Hi 

Kindly provide further details via PM for our assistance.

Thank you."
74,2020-10-07 01:49:14+00:00," Hai Beacker Julian

Kami memohon maaf kerana Pusat Panggilan AmBank sedang mengalami kadar panggilan yang tinggi.

Kami amat menghargai sekiranya anda dapat semak maklumat akaun melalui AmOnline:


Terima kasih."
75,2020-10-04 10:35:40+00:00," Hi 

The bank will send notification letter on any revision to the loan monthly installment.

We would appreciate if you could check on the account details via AmOnline:


Thank you."
76,2020-10-03 04:25:08+00:00," Hai Nurul'Ain

Kami memohon maaf kerana Pusat Panggilan AmBank mengalami kadar panggilan yang tinggi.

Kami amat menghargai sekiranya anda dapat semak maklumat bayaran pinjaman melalui AmOnline:


Terima kasih."
77,2020-10-03 04:20:18+00:00," Hi TiaraRoss

Kindly refer to our reply via PM.

Thank you."
78,2020-10-03 04:13:10+00:00," Hai 

TAC diperlukan untuk pendaftaran AmOnline menggunakan akaun pinjaman.

Kami amat menghargai sekiranya anda boleh hubungi Pusat Panggilan AmBank di talian 03-2178 8888 untuk mendaftar TAC.

Terima kasih."
79,2020-10-01 09:32:51+00:00," Hai Hazwany

Pihak bank sedang membaikpulih sistem dan dana tersebut akan dikembalikan ke dalam akaun sekiranya terdapat penolakan.

Segala kesulitan yang dialami amat dikesali.

Terima kasih."
80,2020-10-01 09:30:46+00:00," Hi 

We sincerely apologize for any inconvenience caused.

Kindly be advised that we are in the midst of rectifying this issue.

Please be assured that the refund will be credited into your account at earliest.

Thank you."
81,2020-10-01 09:07:34+00:00," Hi Muizloda

We are pleased to inform that the said issue has been rectified.

Thank you."
82,2020-10-01 02:11:11+00:00," Hi DZ

We have escalated your request to the respective unit for further action.

Thank you."
83,2020-10-01 01:17:40+00:00," Hi 

Kindly provide further details via PM for our assistance.

Thank you."
84,2020-09-30 08:29:22+00:00,"Moratorium ends today. Starting 1 Oct 2020, you will continue your payments. But, we can help. Do refer to our simple guide on how to apply for a repayment assistance. Visit  for details. 
Stay safe everyone. "
85,2020-09-30 07:09:43+00:00," _official  Hi 

Kindly provide further details via PM for our assistance.

Thank you."
86,2020-09-30 02:42:45+00:00," Hi anisalis

Sila kemukakan maklumat lanjut melalui PM untuk bantuan selanjutnya.

Terima kasih."
87,2020-09-29 10:09:00+00:00,"Great News! We are extending our Weekend Banking at selected AmBank branches to this weekend, 2 ‚Äì 4 October 2020 for Post-Moratorium Repayment Assistance Programme. 

Refer to our infographic here. For more info, visit  "
88,2020-09-29 04:13:25+00:00,"1 day to go before the end of Moratorium. Starting 1 Oct 2020, you will continue your payments. But, we can help. Do refer to our simple guide on how to apply for a repayment assistance. Visit  for details. Stay safe everyone. "
89,2020-09-29 02:07:45+00:00," Hi AmirulTalib27

Nombor telefon tersebut merupakan talian Unit Pemasaran AmBank (Telemarketing).

Terima kasih."
90,2020-09-29 02:01:06+00:00," Hai Tiqaaa

Kami amat menghargai sekiranya anda dapat semak baki pinjaman melalui salah satu saluran berikut:

- AmOnline: 
- Hubungi Pusat Panggilan AmBank di talian 03-2178 8888 (7 pagi ‚Äì 11 malam)

Terima kasih."
91,2020-09-28 11:03:01+00:00," Hi adisofri

To ensure confidentiality and security, we are unable to access any account details via Twitter.

Kindly clarify on the payment status via one of the following channels:

-Send message via AmOnline app
-Call Contact Centre at 03-2178 8888 (7 am ‚Äì 11 pm)

Thank you."
92,2020-09-28 10:56:52+00:00," Hi Ardian

Kindly provide further details via PM for further assistance.

Thank you."
93,2020-09-28 10:55:18+00:00," Hi Jack Chong

We would appreciate if you could liaise with AmMetlife Insurance:

AmMetlife Insurance
Tel: 1300 88 8800 / 03-2271 8000
Fax: 603-21713000
E-mail: customercare.com
Website: 

Thank you."
94,2020-09-28 10:53:07+00:00," Hi Ridley

Kindly provide further details via PM for further assistance.

Thank you."
95,2020-09-28 04:02:20+00:00,"2 days to go before the end of Moratorium. Starting 1 Oct 2020, you will continue your payments. But, we can help. Do refer to a simple guide on how to apply for a repayment assistance. Visit  for details. Stay safe everyone. "
96,2020-09-27 11:47:13+00:00,"3 days to go before the end of Moratorium. Starting 1 Oct 2020, you will continue your payments. But, we can help. Do refer to a simple guide on how to apply for a repayment assistance. Visit  for details. Stay safe everyone. "
97,2020-09-25 07:14:47+00:00,"5 days to go before the end of Moratorium. Starting 1 Oct 2020, you will continue your payments. But, we can help. Do refer to a simple guide on how to apply for a repayment assistance. Visit  for details. Stay safe everyone. "
98,2020-09-23 06:31:21+00:00,"BNM, with support from AKPK and many participating banks including AmBank, is organising a Repayment Assistance Campaign this Sunday, 27 Sept 2020, and next Monday, 28 Sept 2020, in Shah Alam. If you are an affected party and wish to seek guidance, head over to SACC this weekend. "
99,2020-09-23 02:27:51+00:00," Hai 

Anda perlu memuat turun aplikasi mobil AmOnline untuk membenarkan transaksi tersebut.

Sila dapatkan aplikasi AmOnline dari Apple Store untuk dikemaskini ke dalam telefon anda.

Terima kasih."
100,2020-09-23 02:21:26+00:00,"_  Hai _

Anda boleh kemukakan resit bayaran AmOnline kepada Grab untuk bukti transaksi telah berjaya dan ditolak dari akaun.

Terima kasih."
101,2020-09-22 04:14:07+00:00,"8 days to go before the end of Moratorium. Starting 1 Oct 2020, you will continue your payments. But, we can help. Do refer to our simple guide below on how to apply for a repayment assistance. Visit  for details. Stay safe everyone. "
102,2020-09-18 09:39:01+00:00,"12 days to go before the end of Moratorium. Starting 1 Oct 2020, you will continue yourr payments. But, we can help. Do refer to a simple guide on how to apply for a repayment assistance. Visit  for details. Stay safe everyone. "
103,2020-09-18 01:47:58+00:00,"Selected branches will be operating during this weekend of 18, 19 &amp; 20 Sept 2020 and the next weekend of 25, 26 &amp; 27 Sept 2020 from 10am to 3pm to help those who require financial assistance after moratorium ends.  for the list of branches."
104,2020-09-17 04:23:02+00:00,"Selected branches will be operating during the weekends of 18, 19 &amp; 20 Sept 2020 and 25, 26 &amp; 27 Sept 2020 from 10am to 3pm to help those who require financial assistance after moratorium ends.  for the list of branches."
105,2020-09-17 02:45:52+00:00,"Save, Spend &amp; Invest/Insure with us and be rewarded up to 6.25%p.a.! 

Campaign is valid from 1st September 2020 - 31st December 2020.

T&amp;C apply. Visit  for more details.

   "
106,2020-09-17 01:54:09+00:00," Hi Nurul‚ÄôAin

We wish to inform that the interest rate stated via AmOnline is the actual rate for your housing loan.

You may clarify on the interest details via one of the following channels:

-Send message via AmOnline app
-Call Contact Centre at 03-2178 8888 (7 am ‚Äì 11 pm)"
107,2020-09-15 03:42:18+00:00,"15 days to go before the end of Moratorium. Starting 1 Oct 2020, you will continue your payments. But, we can help. Do refer to a simple guide on how to apply for a repayment assistance. Visit  for details. Stay safe everyone. "
108,2020-09-14 08:17:21+00:00,"3 more days to the end of the Sukuk Prihatin subscription! With a minimum subscription of RM500, you can subscribe digitally via JomPAY or DuitNOW on AmBank‚Äôs online channels. Enjoy 2% p.a. profit rate over two years. Visit  for details. 
 "
109,2020-09-10 01:39:20+00:00,"20 days to go before the end of Moratorium. Starting 1 Oct 2020, you will continue yr payments. But, we can help. Do refer to a simple guide on how to apply for a repayment assistance. Visit  for details. Stay safe everyone. "
110,2020-09-09 01:47:13+00:00," Greetings from AmBank.

Hi QienaOgata

Kindly provide further details via PM for our checking.

Thank you."
111,2020-09-04 10:11:40+00:00,"  Hai 

Sila kemukakan maklumat lanjut melalui PM untuk bantuan selanjutnya.

Terima kasih."
112,2020-09-02 01:32:23+00:00," Hai ehsaneusofe

Sila kemukakan maklumat lanjut untuk siasatan ke atas dakwaan tersebut.

Terima kasih."
113,2020-08-28 04:52:28+00:00,"In conjunction with the nation‚Äôs 63rd Independence Day, we wish all Malaysians
‚ÄòSelamat Menyambut Hari Kebangsaan‚Äô.
   "
114,2020-08-26 05:27:20+00:00," Hi Pradeesh 

Kindly refer to our reply via PM.

Thank you."
115,2020-08-25 08:24:10+00:00," Greetings from AmBank.

Hi Pradeesh

We would appreciate if you could refer to our reply via PM.

Thank you."
116,2020-08-22 04:49:21+00:00," Greetings from AmBank.

Hi Shaz

We would appreciate if you could provide further details via PM for further assistance.

Thank you."
117,2020-08-18 10:40:25+00:00,"Introducing Sukuk Prihatin, the nation‚Äôs first ever digital sukuk established to benefit, among others, rural schoolchildren and micro entrepreneurs. Subscribe with a minimum of RM500 digitally, via JomPAY/DuitNOW on AmBank's online channels. Visit  "
118,2020-08-14 08:41:27+00:00,"Say hello to the New AmOnline App!
It is packed with enhanced features designed to make your mobile banking experience faster, safer and more convenient! 
Download it now! 
For more information, go to 
 
  "
119,2020-08-13 03:42:12+00:00," Salam Sejahtera dari AmBank.

Hai E R A Z F A D L I

Kami amat menghargai sekiranya anda dapat hubungi Pusat Panggilan AmBank di talian 03-2178 8888 (7 pagi ‚Äì 11 malam) untuk bantuan selanjutnya ke atas akaun / pinjaman.

Terima kasih."
120,2020-08-10 07:59:15+00:00,"Dear valued customers, we are here to help you. Please do read the announcement below and visit  for assistance. Meanwhile, stay safe and take care. "
121,2020-08-05 10:13:53+00:00,"_rafy Greetings from AmBank.

Hi Rafee

We wish to inform that AmOnline system is accessible and you may specify the error code and message prompted for our checking.

Thank you."
122,2020-08-04 06:32:06+00:00," Salam Sejahtera dari AmBank.

Hai Muizloda

Adalah dimaklumkan bahawa tiada gangguan terhadap sistem TAC AmBank.

Anda boleh hubungi Pusat Panggilan AmBank di talian 03-2178 8888 (7 pagi ‚Äì 11 malam) untuk semakan ke atas status nombor telefon tersebut.

Terima kasih."
123,2020-08-03 08:12:32+00:00," Hi Shereen
To ensure confidentiality and security, we are unable to access any account details via Twitter.
We would appreciate if you could send message via AmOnline for us to retrieve your account details and check further on the said transaction status."
124,2020-08-03 02:50:47+00:00,"AmInvestment Bank garnered two awards from Mirror, Trade &amp; Learn Campaign, organised by Bursa Malaysia Securities Berhad. Joseph Chai, Head of Retail Research, AmInvestment Bank, garnered top prize for Highest Portfolio Gain and placed 2nd for Highest Engagement with Followers. "
125,2020-08-03 01:27:45+00:00,"_ Hi there, sorry for the late reply. Kindly visit  for assistance. Thanks."
126,2020-08-02 06:55:34+00:00,"_imran  Hai _imran,

Maaf atas kesulitan yang anda hadapi.

Kami sarankan anda untuk semak Google Playstore anda untuk mengemaskini aplikasi AmOnline anda.

Sekiranya anda pengguna iPhone, AmOnline baharu akan tiba di Apple AppStore tidak lama lagi."
127,2020-08-02 06:42:29+00:00,"  Hi ,

We are glad to learn that you are enjoying the new AmOnline.

We will continue to enhance our online banking platform to better serve to all of our customers."
128,2020-08-02 06:38:03+00:00,Thanks for the tweet! Made our day! üòä 
129,2020-08-02 06:37:19+00:00,Thanks for the tweet! Made our day! üòä 
130,2020-08-02 06:36:37+00:00," Hi ,

We are pleased to learn that you are enjoying our new AmOnline with enhanced features.

We will keep on progressing for a better customer experience."
131,2020-07-24 09:23:44+00:00,"_jugador _official Hai _jugador,

Anda boleh menghantar emel ke merchant-helpdesk.com berserta sebarang bukti untuk tindakan lanjut pihak kami."
132,2020-07-21 07:15:41+00:00," Hi ,

To ensure confidentiality and privacy, we regret to inform you that we are unable to act on your request and disclose any account information via this channel.

You are advised to call AmBank Contact Centre at +603-2178 8888 for further assistance."
133,2020-07-14 09:01:18+00:00," Hi ,

Kindly be advised that AmBank did not provide the softcopy for your Hire Purchase Registration Card (RC).

You may request for the original RC by calling Ambank Contact Centre at +603 2178 8888 for assistance."
134,2020-07-13 14:08:57+00:00,Thank you for the recognition! Congrats to all AmBankers! üòÄüí™üèΩ 
135,2020-07-13 01:02:06+00:00," Hi ,

We're sorry, but to ensure confidentiality and privacy, regret to inform you that we are unable to act on your request and disclose any account information via this channel.

You may call AmBank call center at 03 2178 8888 for account related &amp; enquiries."
136,2020-07-11 10:39:13+00:00,"Let us lend you a helping hand. We have put together a series of essential kits that comprise of all our packages/offers/solutions to help you. Check it out at  
   "
137,2020-07-09 04:29:49+00:00," Hi ,

Regret to inform you that we no longer operate on Saturday &amp; Sunday nationwide."
138,2020-07-07 07:12:26+00:00,"  Hai ,

Terima kasih kerana memilih AmBank sebagai bank pilihan anda.

Kami sangat berbesar hati menerima anda sebagai pelanggan kami."
139,2020-07-06 10:16:22+00:00," Hi ,

Kindly be advised that we have since referred your matter to the concerning department for further review and clarification."
140,2020-07-06 02:58:56+00:00," Hi ,

We would really appreciate it if you could DM us with your details for us to raise a report regarding to your issue."
141,2020-07-06 01:41:44+00:00," Hi ,

Our sincerest apologies for such inconvenience that you have encountered. 

We have since highlighted the matter to the said branch for their swift action.

Thank you."
142,2020-07-03 06:34:05+00:00,"_nurashikin Greetings from AmBank 

Hi, Anis N Nordin

You may request the document to be sent to the registered mailing address as per our Bank‚Äôs record via one of the following channels. 

1) Call AmBank Contact Centre at 03-2178 8888
2) Send a message via AmOnline (only for AmOnline user)"
143,2020-07-03 01:31:33+00:00," Salam Sejahtera daripada AmBank 

Hai, 


Kami mohon maaf atas kesulitan tersebut, sila kemukakan mesej ralat yang terpapar pada skrin untuk nasihat kami yang selanjutnya.

Sekian"
144,2020-07-03 01:27:59+00:00," Greetings from AmBank 

Hi, Kavitha Seras

@

Please complete the process via AmOnline, from 18 May 2020 onwards. Login to AmOnline
(
via your web browser (Note: This Moratorium feature is not available in the AmOnline mobile app);

Regards"
145,2020-07-03 01:25:01+00:00," Salam Sejahtera daripada AmBank 

Hai, 1mysarr4


Sila log masuk ke AmOnline ( melalui pelayar web anda anda (Nota: Ciri Moratorium ini tidak terdapat dalam aplikasi mudah alih AmOnline)

Sekian"
146,2020-07-03 01:23:14+00:00," Greetings from AmBank 

Hi, Bread Pizza


Login to AmOnline
(
via your web browser (Note: This Moratorium feature is not available in the AmOnline mobile app)

Thank you"
147,2020-07-03 01:20:24+00:00,"_nagasaki Salam Sejahtera daripada AmBank 

Hai, _nagasaki

Adalah dimaklumkan bahawa anda dinasihatkan untuk menghubungi Pusat Panggilan AmBank di talian 03-2178 8888 terlebih dahulu bagi tujuan pendaftaran perkhidmatan TAC.

Sekian"
148,2020-07-03 01:16:04+00:00,"_ Greetings from AmBank 

Hi, kATIK
_

Kindly be informed that Customer Contact Centre from 8.00 a.m. to 8.00 p.m. daily at 03-2178 8888. 

Alternatively you may compose message via AmOnline account for further assistance

Regards"
149,2020-07-03 01:13:49+00:00," Greetings from AmBank 

Hi, hanimomo

Kindly be informed that Customer Contact Centre from 8.00 a.m. to 8.00 p.m. daily at 03-2178 8888. 

Regards"
150,2020-07-03 01:11:37+00:00," Salam Sejahtera daripada AmBank 

Hai,ùîîùî≤ùî¢ùî¢ùî´


Kami hargai jika anda boleh memberikan mesej ralat yang terpapar pada skrin untuk nasihat kami yang selanjutnya.

Sekian"
151,2020-07-03 01:07:58+00:00,"_1409 Greetings from AmBank 

Hi, Rainn Rain Go Away Sunflower
_1409

You may complete the process via AmOnline. Please login using below link:



Thank you"
152,2020-07-03 01:03:48+00:00," Greetings from AmBank 

Hi, Haridaykumar


Thank you for your suggestion, we have forwarded your suggestion to our respective unit. 

Regards"
153,2020-06-29 10:16:13+00:00,"Still queuing for cash at the ATM? Don‚Äôt sweat it! Conveniently pay your goods with just a wave of your AmBank Debit Card! Shop smart! Shop easy!
   "
154,2020-06-23 09:57:45+00:00,"The deadline to Opt-In/ Opt-Out of your Hire Purchase/-i deferment is on 30 June 2020. Visit the AmOnline website and click on the Yellow Box. For a simple guide, please see the attached images. Thank you and stay safe, everyone.   /-i "
155,2020-06-23 00:53:37+00:00,"_nagasaki Hai, akira_nagasaki

Pihak kami sarankan anda untuk menghubungi Pusat Panggilan di 03 2178 8888 dari 8Pagi-8Malam untuk semakan status no telefon.

Kami sarankan anda untuk memastikan nombor telefon anda telah dikemaskini bagi penerimaan kod TAC. 

Sekian,"
156,2020-06-18 07:49:46+00:00," Greetings from AmBank

Hi, adi

For AmOnline registration using loans and financing account, TAC authentication is required. 

Please contact our AmBank Contact Center at 03-2178 8888 to register your mobile number

Regards"
157,2020-06-18 07:40:47+00:00,"   Greetings from AmBank

Hi, Œ∑Œ±–≤–Ω—î‚ÑìŒ±


Kindly be informed that the turnaround time to process the change of contact number is within 5 working days. 

We apologise for any inconvenience caused. 

Regards"
158,2020-06-16 09:04:10+00:00,"NOTICE - Precautionary Measures To Contain COVID-19 Outbreak
--
PEMBERITAHUAN - Langkah Pencegahan Penularan Wabak COVID-19 "
159,2020-06-12 06:36:10+00:00,"_ Hai, RiSSu Ê†óÈº†

Untuk makluman, permohonan pembukaan akaun sudah boleh mula dilakukan di mana-mana cawangan AmBank yang berhampiran.

Terima kasih"
160,2020-06-09 09:44:21+00:00," Hai, Su3

Demi menjaga maklumat akaun anda, kami sarankan anda untuk menghubungi Pusat Panggilan di 03 2178 8888 dari 8Pagi-8Malam untuk semakan dan bantuan lanjut.

Secara alternatif, anda boleh menghantar mesej melalui AmOnline untuk pengguna berdaftar.

Sekian,"
161,2020-06-09 08:22:41+00:00,"NOTICE - Precautionary Measures To Contain COVID-19 Outbreak
--
PEMBERITAHUAN - Langkah Pencegahan Penularan Wabak COVID-19 "
162,2020-06-05 06:56:39+00:00," Hai, winshole.

Untuk makluman anda perbankan dalam talian kami AmOnline tidak mengalami sebarang masalah buat masa ini.

Kami hargai kerjasama anda untuk mencuba semula untuk melakukan transaksi pemindahan wang berkenaan.

Sekian,"
163,2020-06-04 11:32:56+00:00," Hai, Linismail78

Harap maklum, ralat gambar akan terjadi sekiranya anda memasukkan kata pengguna yang tidak tepat. 

Kami menyarankan anda menghubungi Pusat Panggilan kami di talian +603-2178 8888 untuk membuat semakan kata pengguna.

Sekian,"
164,2020-06-04 11:29:53+00:00," Hai, Jamren Otol.

Harap maklum, pendaftaran nombor telefon hanya dapat dilakukan melalui panggilan ke Pusat Khidmat Pelanggan kami di 03 2178 8888 dari jam 8Pagi-8Malam atau melalui cawangan di kaunter AmBank.

Terima kasih."
165,2020-06-04 09:38:54+00:00," Hai, Jamren Otol.

Harap maklum, pihak AmBank telah memaklumkan berkenaan hal ini kepada kesemua pelanggan kami.

Disini kami kongsikan pautan laman sesawang berikut bagi semakan lanjut anda:


Terima kasih."
166,2020-06-04 09:07:01+00:00," Hai, AdwaMurshid.

Pihak kami memohon maaf untuk segala kesulitan yang dialami oleh pihak anda.

Kami hargai sekiranya anda dapat DM kami untuk semakan dan bantuan lanjut kami.

Terima kasih."
167,2020-06-04 09:03:01+00:00," Hai, Jamren Otol.

Kami hargai sekiranya anda dapat menyatakan jenis akaun pinjaman anda.

Harap maklum, untuk pembiayaan kenderaan permohonan bagi ikut serta penangguhan 'Opt In' / tidak ikut serta penangguhan 'Opt Out' perlulah dibuat melalui AmOnline bermula 18/5/2020.

Sekian"
168,2020-06-04 08:51:10+00:00,"_wan Hi, Wan Muhammad Syukri.

Our recommendation is that you may call our hotline to check on your account status. 

In addition, you may also check with the sender bank for an update.

Thank you."
169,2020-06-02 08:06:19+00:00," Hai 

Anda boleh menghubungi Pusat Panggilan kami di talian 03-2178 8888 untuk bantuan lanjut.

Sekian"
170,2020-06-02 08:04:26+00:00," Hai Ummu

Untuk semakan lanjut, anda juga boleh menghantar mesej peribadi melalui AmOnline.

Sila rujuk pautan berikut (soalan nombor 2) untuk melihat langkah-langkah menghantar mesej melalui AmOnline.



Sekian,"
171,2020-06-02 02:11:18+00:00,"Notice - Precautionary Measures To Contain COVID-19 Outbreak
 
Pemberitahuan - Langkah Pencegahan Penularan Wabak COVID-19 "
172,2020-06-01 10:36:20+00:00," Hai, irdianaghuair.

Kami sarankan anda untuk menghubungi Pusat Panggilan di 03 2178 8888 dari 8Pagi-8Malam untuk semakan dan bantuan lanjut.

Harap maklum, pendaftaran boleh dilakukan di pautan 

Sekian,"
173,2020-06-01 10:33:50+00:00,"_ Hai, Permata Laut.

Kami sarankan anda untuk:
1) Menghubungi Pusat Khidmat Pelanggan AmBank 03 2178 8888 dari 8Pagi-8Malam
2) Mengunjungi cawangan AmBank yang berhampiran (3 hari masa bekerja)

Sekian,"
174,2020-06-01 10:30:49+00:00," Hai, hesoyam.

Kami sarankan anda untuk menghubungi Pusat Panggilan di 03 2178 8888 dari 8Pagi-8Malam untuk semakan dan bantuan lanjut.

Sekian,"
175,2020-06-01 10:28:15+00:00," Hai, Alif Latif.

Kami hargai sekiranya anda dapat DM kepada peti masuk kami untuk semakan dan bantuan lanjut.

Terima kasih."
176,2020-05-28 10:50:11+00:00," Hi, Aulaire_cheng.

In line with the recent announcement dated on 30th April 2020 made by BNM, this will cater for Hire-Purchase Loans &amp; Financing, Fixed Rate Islamic Financing, &amp; Industrial Hire Purchase/-I.

Here we share the link:


Regards,"
177,2020-05-28 10:47:30+00:00," Hi, Korr.

We wish to share that, the operating hours of our branches in all states will be revised to 10.00 a.m. to 3.00 p.m. (except Pulau Pangkor branch) and 9.00 am to 2.00 pm (for Pulau Pangkor branch only) until the end of the Movement Control Order.

Thank you."
178,2020-05-28 10:45:24+00:00,"__hariz Hai, aamnhrz.

Untuk makluman anda, permohonan bagi penyata penyelesaian penuh memerlukan bayaran mengikut jenis akaun pembiayaan/pinjaman.

Kami kongsikan pautan berikut:


Sekian,"
179,2020-05-21 07:38:41+00:00," Hi, A.R Trexx.

If you have not registered for AmOnline, kindly visit AmOnline and click ‚ÄòRegister‚Äô.

Regards,"
180,2020-05-21 07:36:59+00:00," Hai, ·µÉ·∂¶ ≥·∂¶·µâ„ÄÅ.

Berhubung dengan pengumuman baru yang dibuat oleh BNM mengenai Moratorium, Ambank sedang melakukan pelaksanaannya untuk pinjaman perumahan.

Semua maklumat sepenuhnya akan umumkan melalui laman web kami secepat yang mungkin. 

Sekian,"
181,2020-05-21 07:36:02+00:00," Hi, Afzar Rashid.

Kindly visit to our AmOnline  and click the yellow box to login for Moratorium application.

Regards,"
182,2020-05-21 07:33:34+00:00," Hi, adi.

Should you require further information or assistance to register for TAC number, please call  AmBank Contact Centre at +603-2178 8888.

Regards,"
183,2020-05-21 07:31:32+00:00," Hai, azurazul.

Berhubung dengan pengumuman baru yang dibuat oleh BNM mengenai Moratorium, Ambank sedang melakukan pelaksanaannya untuk pinjaman perumahan.

Semua maklumat sepenuhnya akan umumkan melalui laman web kami secepat yang mungkin. Pemahaman anda amat dihargai.

Sekian,"
184,2020-05-21 07:28:42+00:00,"_waltervictor Greetings from AmBank.

Hi, waltervictor.

Kindly refer to the following link for your further information.



Regards,"
185,2020-05-15 13:05:12+00:00,"Sempena sambutan Hari Raya 2020, dapatkan wang kertas bernilai RM10 melalui mesin ATM di beberapa cawangan AmBank yang terpilih dari 15 Mei 2020 hingga 27 Mei 2020. Layari  untuk senarai lokasi mesin ATM AmBank berdekatan anda.
 
   "
186,2020-05-15 03:07:07+00:00,"Additional steps to complete the process of deferring your HP/HP-i monthly instalment payments, if you have taken the deferment (‚ÄúOpt-In‚Äù).  Pls see the infographic on how to complete this process via AmOnline from 18/5/2020 to 30/6/2020. Visit  for details "
187,2020-05-09 05:50:57+00:00,"Let us lend you a helping hand. We have put together a series of essential kits that comprise of all our packages/offers/solutions to help you. Check it out at  
   "
188,2020-05-08 12:46:31+00:00,"The world in which we live in will change. Launch your online or eCommerce business quickly with exclusive packages for SMEs from AmBank and Maxis. Welcome to SME-in-a-Box. Visit  for details.
     "
189,2020-05-04 10:35:46+00:00,Businesses adjusting to the MCO can be tough. Join Plus Solar‚Äôs webinar tomorrow featuring our very own Chris Yap and others for insightful strategies &amp; more! Register today at  
190,2020-05-04 03:50:23+00:00,"Hi everyone, we bring you an important message on COVID-19 Scams by fraudulent agents. This is a very difficult time for everyone so please be extra cautious. In the meantime, please stay safe and take care at all times. "
191,2020-05-04 01:26:41+00:00,"Good morning everyone, please take note of the latest announcement on Moratorium. Please  and take care. Thank you for banking with us. "
192,2020-05-02 05:17:12+00:00," _official Hi, adi.

The application is through AmOnline, as we will need to get your consent in regards to the new revised terms of your loan/financing facility. 

Thank you."
193,2020-05-02 05:13:42+00:00," Hai, Hawa Nabilla.

Produk yang terlibat adalah seperti berikut:

- Sewa Beli / Sewa Beli-i 
- AmMoneyLine-i 
- Pembiayaan Peribadi-i
- Pembiayaan Perumahan/Harta Tanah Kediaman-i
- Pembiayaan Harta Komersial-i Berkadar Tetap 
- Pembelian Sewa Industri / Pembelian Sewa Industri-i"
194,2020-05-02 05:11:57+00:00," Hi, Just Alia.

Our suggestion is that you may call our Careline at 03 2178 8888 from 8AM-8PM for further assistance with your transaction details. In regards to your number deactivated, kindly consult your TELCO.

Thank you."
195,2020-05-02 05:07:15+00:00," Hai, Syaf Azriq.

Untuk melaporkan transaksi yang tidak berjaya, kami sarankan anda menghubungi Pusat Khidmat Pelanggan dari jam 8Pagi-8Malam untuk bantuan lanjut.

Terima kasih."
196,2020-05-02 05:02:38+00:00,"  Hi, ÿßŸéŸÑŸíÿ≠ŸéŸÖŸíÿØŸèŸÑŸêŸÑŸëŸáŸê

We appreciate if you may confirm you decision either to ‚ÄòOpt In‚Äô or ‚ÄòOpt Out‚Äô with the Moratorium through AmOnline.

Thank you."
197,2020-05-02 05:01:09+00:00," Hi, ◊û◊ï◊ó◊û◊ì ◊¶◊ï◊§◊ô◊ô◊®◊ï.

-Hire Purchase/Hire Purchase-i 
-AmMoneyLine-i 
-Fixed Rate Residential Property Financing-i 
-Fixed Rate Commercial Property Financing-i, and
-Industrial Hire Purchase/Industrial Hire Purchase-i ‚Äì Goods under HP Act/ Industrial Hire Purchase-i

Regards,"
198,2020-05-02 04:55:46+00:00," _official Hi, adi.

We appreciate if you may confirm you decision either to ‚ÄòOpt In‚Äô or ‚ÄòOpt Out‚Äô with the Moratorium through AmOnline.

For further details kindly visit


Regards,"
199,2020-05-02 04:53:08+00:00," Hai, ruff.

Sekiranya anda tidak mahu ikut serta penangguhan ‚ÄòOpt Out‚Äô/ ikut serta ‚ÄòOpt In‚Äô sila maklumkan kepada AmBank melalui AmOnline setelah tarikh permohonan dibuka.

Terima kasih."
200,2020-05-02 04:47:26+00:00,"_dhia Hai, Mademoisella DHia.

Sekiranya anda tidak mahu ikut serta penangguhan ‚ÄòOpt Out‚Äô/ ikut serta ‚ÄòOpt In‚Äô sila maklumkan kepada AmBank melalui AmOnline setelah tarikh permohonan dibuka.

Terima kasih."
201,2020-05-02 04:44:06+00:00," Hi, NUR SYAZWIN M RUSLAN.

We appreciate if you may confirm you decision either to ‚ÄòOpt In‚Äô or ‚ÄòOpt Out‚Äô with the Moratorium through AmOnline.

You will need to accept the revised terms of your loan/financing facility.

For more details kindly visit


TQ"
202,2020-05-02 04:40:10+00:00," _dhia Hai, Aman Salim,

Tempoh masa tersebut diberikan agar pihak pelanggan mempunyai masa yang mencukupi untuk membuat penimbangan sama ada untuk ikut serta/tidak ikut serta penangguhan.

Anda perlu menerima syarat pinjaman / pembiayaan pinjaman anda yang telah disemak semula.

Sekian"
203,2020-05-02 01:18:21+00:00,"As we observe the month of Ramadhan through trying times, we recognise that you may face challenges in managing additional expenses like your insurance premiums. Let us help by providing you with value that you can use to trade off against other expenses.  "
204,2020-04-29 06:45:36+00:00,Businesses adjusting to the MCO can be tough. Join Plus Solar‚Äôs webinar featuring our very own Chris Yap and others for insightful strategies &amp; more! Register today at  
205,2020-04-22 13:19:16+00:00,"Dear Valued Customers, we bring you an update to our branch operations. In the meantime, please  and take care at all times. "
206,2020-04-20 05:23:31+00:00,"We bring you an update on our precautionary measures to contain Covid-19 outbreak at our branches. In the meantime, please stay safe and take care at all times.    "
207,2020-04-14 01:56:19+00:00," _official Hi, Neomal (Neo)

You may provide us your personal details via DM for our further assistance. 

Regards,"
208,2020-04-14 00:07:03+00:00," Hai, Wan Muhammad Syukri.

You may provide us your personal details for our further assistance. We unable to assist further without your information.

Regards,"
209,2020-04-14 00:02:34+00:00," Hai, Neomal (Neo).

We are offering customers the option to convert your outstanding balances in your credit card/credit card-i account into a term loan/financing (fixed payment plan for credit card-i) for a tenure of 36 months. 

Thank you."
210,2020-04-13 23:59:51+00:00,"   Hai, Neomal (Neo).

Penalty charges will only be imposed should you didn't arrange payment accordingly to your account due date.

Thank you."
211,2020-04-13 23:54:22+00:00,"_wan Hai, Wan Muhammad Syukri.

Please note that we will process the Opt Out request accordingly align with your request send to us. 

The monthly installment for the month of April until September 2020 shall be updated once the Opt Out request sucessfully processed.

Thank you."
212,2020-04-13 23:51:06+00:00,"_wan _official Hai, Wan Muhammad Syukri.

You may provide us your personal details for our further assistance. We unable to assist further without your information.

Regards,"
213,2020-04-13 06:57:59+00:00,"  However, you can apply to convert your Credit Card outstanding into Term Loan and you may defer the payment for six month. You may refer to the T&amp;C from the link below:
"
214,2020-04-13 06:56:13+00:00,"  Hi ,

With regard to your query, kindly be advised that the deferment scheme is not applicable for Credit Card account. Hence, the payment has to be made accordingly."
215,2020-04-13 01:29:41+00:00,"_wan Hi, Wan Muhammad Syukri.

We appreciate you may DM us your details for our further assistance.

Thank you."
216,2020-04-13 01:24:46+00:00," Hai, Ahmad Mudzaffar.

Kami sarankan anda untuk menghubungi Pusat Panggilan AmBank kami di talian +603-2178 8888 dari jam 8Pagi - 8Malam untuk membuat semakan status AmOnline anda.

Terima kasih."
217,2020-04-13 01:22:30+00:00," Hi, EeyaNasha.

Kami mencadangkan anda untuk membersihkan/memadam sejarah pencarian pada peranti anda, beserta cache dan mencuba semula.

Sekian,"
218,2020-04-08 07:57:55+00:00," Salam Sejahtera daripada AmBank 

Hai,ARandomHobo

Bagaimana kami boleh membantu anda.

Sekian."
219,2020-04-07 06:31:18+00:00,"Notice: Revision of Grand Prize for Visa Olympic Games Tokyo 2020 Campaign

Campaign is valid until 15 April 2020. For full T&amp;C, visit 

  "
220,2020-04-07 05:51:13+00:00,"We bring you a Complimentary COVID-19 Coverage for all our AmAssurance policyholders.
Please stay safe and take care at all times.
   "
221,2020-04-06 12:34:59+00:00,"We bring you an update on our branch operations. Please visit  for all the latest updates and FAQs on COVID-19 related matters. In the meantime, pls stay safe and take care at all times. "
222,2020-04-04 06:54:54+00:00," Hi zakeyjavis

Sila rujuk FAQ di laman sesawang ini: 


Terima kasih."
223,2020-04-04 06:53:23+00:00," Hi adisofri

Kindly refer to FAQ on deferment scheme via this link:


Thank you."
224,2020-04-04 06:51:36+00:00,"_deraman Hi akashah_deraman

We would appreciate if you could disregard / dispose the message if you are not the intended recipient.

Any inconvenience caused is very much regretted.

Thank you."
225,2020-04-04 06:46:01+00:00,"_x Hi azlynn_x

Kindly refer to this FAQ on this link regarding the interest on deferment scheme:


Thank you"
226,2020-04-03 09:23:56+00:00,"During the Movement Control Order, we're always here to help with your investment, business and banking needs via our online facilities. For more information, contact us at 03-2031 0102 or helpdesk-ebiz.com. Take care, stay safe and  "
227,2020-04-03 06:17:49+00:00," Hi 

Kindly refer to our reply via PM.

Thank you."
228,2020-04-03 02:51:09+00:00," Hi 

You may submit Opt Out request before 8 April 2020 via SMS or complete form on this link:


Thank you."
229,2020-04-03 02:46:27+00:00," Hi 

We would appreciate if you could send message via AmOnline to retrieve the account number details:


Thank you."
230,2020-04-03 02:41:48+00:00," Hi 

Kindly refer to our reply via PM.

Thank you."
231,2020-04-02 13:54:38+00:00,"Hi everyone, we bring you an update to the automatic deferment to your loan/financing payments. In the meantime, pls  and take care. "
232,2020-04-02 05:00:16+00:00,"_nabeb  Hi _nabeb

This deferment offer is applicable to all loans/financing, denominated in Malaysian Ringgit with no arrears for more than 90 days as at 1 April 2020.

You may visit this link for FAQ:


Thank you."
233,2020-04-02 04:52:34+00:00," Hi 

During Movement Control Order, our Contact Centre operation hour has been revised to 8 am ‚Äì 8 pm daily.

We would appreciate if you could send message via AmOnline for further assistance:


Thank you."
234,2020-04-02 04:47:19+00:00," Hi 

You may reply if you wish to continue paying the monthly installment as usual.

Thank you."
235,2020-04-02 04:43:54+00:00," Hi 

The SMS is from AmBank for customers who wish to opt out from deferment scheme.

Kindly reply if you wish to opt out from the scheme.

Thank you."
236,2020-04-02 04:35:52+00:00," Hi 

Sila hubungi Pusat Panggilan AmBank (8 pagi ‚Äì 8 malam) di talian 03-2178 8888 untuk bantuan selanjutnya.

Sebagai alternatif, sila semak maklumat akaun melalui AmOnline:


Terima kasih."
237,2020-04-02 04:23:26+00:00," _Assists Hi 

Kindly refer to our reply via PM.

Thank you."
238,2020-04-02 04:22:47+00:00," Hi 

Kindly refer to our reply via PM.

Thank you."
239,2020-04-02 04:11:37+00:00,"_ Hai _

SMS tersebut dihantar oleh AmBank untuk pelanggan yang memilih untuk tidak menangguhkan bayaran pinjaman.

Sila balas mesej tersebut sekiranya memilih untuk tidak menangguhkan bayaran pinjaman.

Terima kasih."
240,2020-04-01 06:24:30+00:00," Hi Derek

We wish to inform the EPF Kiosk at the branch is no longer available.

Thank you."
241,2020-04-01 05:21:09+00:00," Hai 

Selaras dengan Perintah Kawalan Pergerakan, Pusat Panggilan AmBank (03-2178 8888) beroperasi dari 8 pagi ‚Äì 8 malam setiap hari.

Untuk bantuan selanjutnya, anda boleh semak maklumat akaun / pinjaman melalui AmOnline:


Terima kasih."
242,2020-04-01 05:18:24+00:00," Hi 

You may call Contact Centre at 03-2178 8888 during operation hour 8 am ‚Äì 8 pm daily.

For further assistance on account details, kindly send message via AmOnline:


Thank you."
243,2020-04-01 05:12:46+00:00," Hai 

Kami tiada akses ke atas maklumat akaun melalui Twitter.

Sila hantar mesej melalui AmOnline untuk semakan selanjutnya ke atas status transaksi tersebut:


Terima kasih."
244,2020-04-01 05:08:06+00:00,"  Hai 

Skim penangguhan ini ditawarkan untuk semua pinjaman/pembiayaan, dalam denominasi Ringgit Malaysia tanpa sebarang baki tertunggak selama lebih dari 90 hari pada 1 April 2020.

Sila layari laman web ini untuk FAQ skim penangguhan ini:
"
245,2020-03-31 05:53:28+00:00," Hai 

Skim penangguhan ini ditawarkan untuk semua pinjaman/pembiayaan, dalam denominasi Ringgit Malaysia tanpa sebarang baki tertunggak selama lebih dari 90 hari pada 1 April 2020.

Sila rujuk FAQ skim penangguhan di sini:


Terima kasih."
246,2020-03-31 02:39:34+00:00," Hai 

Cik boleh hantar mesej melalui AmOnline untuk bantuan selanjutnya ke atas akaun anda:


Terima kasih."
247,2020-03-31 01:54:23+00:00," Hai 

Sila hubungi Pusat Panggilan AmBank di talian 03-2178 8888 (8 pagi ‚Äì 8 malam) untuk semakan ke atas status TAC tersebut.

Terima kasih."
248,2020-03-30 07:28:15+00:00," Salam Sejahtera daripada AmBank,

Hai, .

Bagaimanakah pihak kami boleh membantu anda pada hari ini?

Sekian."
249,2020-03-30 06:32:28+00:00," Hai 

Adalah dimaklumkan selaras dengan Perintah Kawalan Pergerakan 2020, Pusat Panggilan AmBank beroperasi dari 8 pagi ‚Äì 8 malam setiap hari.

Sebagai alternatif, anda boleh semak maklumat akaun melalui AmOnline:


Terima kasih."
250,2020-03-30 06:25:45+00:00," Hai 

Adalah dimaklumkan selaras dengan Perintah Kawalan Pergerakan 2020, Pusat Panggilan AmBank beroperasi dari 8 pagi ‚Äì 8 malam setiap hari.

Sebagai alternatif, anda boleh semak maklumat akaun melalui AmOnline:


Terima kasih."
251,2020-03-30 06:22:54+00:00," Hi 

Sila hubungi Pusat Panggilan AmBank di talian 03-2178 8888 untuk semakan ke atas akaun pinjaman.

Terima kasih."
252,2020-03-30 04:22:27+00:00," Hai 

Adalah dimaklumkan bahawa talian 03-2178 8888 Pusat Panggilan AmBank beroperasi 8 pagi ‚Äì 8 malam.

Anda boleh meneruskan pembayaran bayaran ansuran bulanan anda seperti biasa sepanjang tempoh penangguhan.

Sila rujuk kepada FAQ di sini:
"
253,2020-03-30 03:38:52+00:00,"Good morning all, please see below for the latest update on our branch operations. Visit  for all the latest developments. Stay safe and take care, everyone. "
254,2020-03-28 13:47:08+00:00," Greetings from AmBank,

Hi, 

For more information, kindly visit to this website link  

Stay home and stay safe.

Regards."
255,2020-03-28 13:46:58+00:00," Greetings from AmBank,
Hi, 
Kindly be informed that this offer is applicable to all loans/financing (auto enrollment), denominated in Malaysian Ringgit with no balance overdue for more than 90 days as at 1 April 2020 for a period of 6 months
Stay home and stay safe."
256,2020-03-28 10:03:28+00:00," Hi 

We would appreciate if you could check the loan balance via AmOnline:


Thank you"
257,2020-03-28 06:46:50+00:00," Hi 

You may remit the payment for the current month before the due date.

The deferment scheme will take effect on 1 April 2020.

Thank you"
258,2020-03-28 06:42:53+00:00," Hi  

To ensure confidentiality &amp; security, we are unable to access any account details via Twitter.
 
Kindly check the loan payment status via AmOnline:


Thank you"
259,2020-03-27 11:16:57+00:00,"@_Yaaaaappp Hai @_Yaaaaappp

Sila layari laman web ini untuk FAQ skim penangguhan ini:


Terima kasih."
260,2020-03-27 11:15:21+00:00,"  _official      Hi 

Sila layari laman web ini untuk FAQ skim penangguhan ini:


Terima kasih."
261,2020-03-27 09:04:15+00:00,We recently updated our auto deferment for all individuals and SME loan/financing repayment process &amp; FAQs. Customers who wish to opt out from the auto deferment can just continue with their regular monthly instalments. Visit  for more details. Stay safe.
262,2020-03-27 09:01:24+00:00,"  @_bankislam Salam Sejahtera daripada AmBank,

Hai, .

Sila rujuk 'DM' anda untuk melihat maklumbalas kami.

Sekian."
263,2020-03-27 08:57:39+00:00," Greetings from AmBank,

Hi, .

We would appreciate if you may refer to your ‚ÄòDM‚Äô for our reply/feedback.

Stay Home. Stay Safe.

Regards."
264,2020-03-27 08:50:02+00:00,"  Salam Sejahtera daripada AmBank,

Hai, .

Sila rujuk 'Inbox' anda untuk melihat maklumbalas kami.

Sekian"
265,2020-03-27 08:31:32+00:00,"_ Salam Sejahtera daripada AmBank,

Hai, _

Sila rujuk ‚ÄòDM‚Äô anda untuk melihat maklumbalas kami.

Sekian"
266,2020-03-27 08:26:55+00:00," Salam Sejahtera daripada AmBank,

Hai, .

Berkenaan dengan faedah (interest, sila layari laman sesawang ini  untuk maklumat lanjut.

Jaga diri dan kekal sihat.

Sekian."
267,2020-03-27 08:25:40+00:00," Hai, .

Tawaran ini adalah untuk semua pinjaman/pembiayaan (pendaftaran automatik), dalam denominasi Ringgit Malaysia tanpa sebarang baki tertunggak selama lebih dari 90 hari pada 1 April 2020.

Jaga diri dan kekal sihat.

Sekian"
268,2020-03-27 08:02:41+00:00," _Assists Greetings from AmBank,

Hi, .

We would appreciate if you may refer to your ‚ÄòDM‚Äô for our reply/feedback.

Stay Home. Stay Safe

Regards."
269,2020-03-27 07:53:07+00:00," Greetings from AmBank,

Hi, .

We would appreciate if you may refer to your ‚ÄòDM‚Äô for our reply/feedback.

Stay Home. Stay Safe

Regards."
270,2020-03-27 03:42:48+00:00," Salam Sejahtera daripada AmBank,

Hai, .

Sila rujuk 'Inbox' anda untuk melihat maklumbalas kami.

Sekian"
271,2020-03-27 03:20:08+00:00," Greetings from AmBank,

Hi, 

Kindly be informed that this offer is applicable to all loans/financing (auto enrollment), denominated in Malaysian Ringgit with no balance overdue for more than 90 days as at 1 April 2020.

Stay home and stay safe.

Regards."
272,2020-03-26 09:32:24+00:00," Hi 

You may visit this link for further details on personal loan:


Thank you."
273,2020-03-26 09:27:11+00:00," Hi 

This offer is applicable to all loans/financing, denominated in Malaysian Ringgit with no balance overdue for more than 90 days as at 1 April 2020.

Thank you."
274,2020-03-26 09:23:52+00:00," Hai 

Tawaran ini adalah untuk semua pinjaman/pembiayaan, dalam denominasi Ringgit Malaysia tanpa sebarang baki tertunggak selama lebih dari 90 hari pada 1 April 2020.

Terima kasih."
275,2020-03-26 09:17:35+00:00," Hi 

Tawaran ini adalah untuk semua pinjaman/pembiayaan, dalam denominasi Ringgit Malaysia tanpa sebarang baki tertunggak selama lebih dari 90 hari pada 1 April 2020.

Terima kasih."
276,2020-03-26 09:05:33+00:00,"_Am Hai _Am

Sila lengkapkan borang opt out sekiranya tidak bersetuju dengan skim penangguhan:


Terima kasih."
277,2020-03-26 08:54:23+00:00," Hi 

Sila berikan maklumat lengkap melalui PM.

Terima kasih."
278,2020-03-26 08:53:21+00:00," Hi 

Sila berikan maklumat lengkap melalui PM.

Terima kasih."
279,2020-03-26 08:41:50+00:00," Hai 

Tawaran ini adalah untuk semua pinjaman dalam denominasi Ringgit Malaysia tanpa sebarang baki tertunggak selama lebih dari 90 hari pada 1 April 2020.

Untuk maklumat lanjut dan jika anda tidak bersetuju, sila layari laman sesawang berikut "
280,2020-03-26 08:35:52+00:00," Hi 

Kindly specify your query / request for further assistance.

Thank you."
281,2020-03-26 08:33:03+00:00," Hi 

This offer is applicable to all loans/financing, denominated in Malaysian Ringgit with no balance overdue for more than 90 days as at 1 April 2020.

For more details and how to opt out, please visit  

Thank you."
282,2020-03-26 08:28:00+00:00," Hi 

This offer is applicable to all loans/financing, denominated in Malaysian Ringgit with no balance overdue for more than 90 days as at 1 April 2020.

For more details and how to opt out, please visit  

Thank you."
283,2020-03-26 06:08:35+00:00," Greetings from AmBank,

Hi, .

Kindly be informed that this offer is applicable to all loans/financing (auto enrollment), denominated in Malaysian Ringgit with no balance overdue for more than 90 days as at 1 April 2020.

Stay home and stay safe.

Regards."
284,2020-03-26 06:06:37+00:00," Salam Sejahtera daripada AmBank,
Hi, 
Sila rujuk ‚ÄúDM‚Äù anda untuk melihat maklumbalas kami.
Sekian"
285,2020-03-26 06:02:50+00:00," Greetings from AmBank,

Hi, .

We would appreciate for you to refer to your ‚ÄòDM‚Äô to view our reply/feedback.

Stay home. Stay Safe.

Regards."
286,2020-03-26 05:59:27+00:00," Salam Sejahtera daripada AmBank,

Hi, 

Sila rujuk ‚ÄúDM‚Äù anda untuk melihat maklumbalas kami.

Sekian"
287,2020-03-26 05:54:53+00:00," Salam Sejahtera daripada AmBank,

Hi, .

Sila rujuk ‚ÄúDM‚Äù anda untuk melihat maklumbalas kami.

Sekian"
288,2020-03-26 05:48:13+00:00," Greetings from AmBank,

Hi, 

Kindly be informed that this offer is applicable to all loans/financing (auto enrollment), denominated in Malaysian Ringgit with no balance overdue for more than 90 days as at 1 April 2020.

Stay home and stay safe.

Regards."
289,2020-03-26 02:00:19+00:00,"Dear Valued Customers, we are offering a deferment of all individuals and SME loan/financing repayments for a period of six (6) months, with effect from 1 April 2020. Visit   Thank you for banking with us.
Stay safe and take care. "
290,2020-03-25 07:45:41+00:00," _Assists   Hi 

Based on the latest announcement on the automatic moratorium on repayment/payment of loans/financing, the Bank is looking into the process.

Stay tuned for our updates on  and official social media accounts.

Thank you."
291,2020-03-25 07:03:57+00:00," Hai Faiz Wahab

Berdasarkan pengumuman terkini mengenai moratorium automatik ke atas pembayaran pinjaman/pembiayaan, Bank sedang mengkaji proses tersebut.

Kami akan mengumumkan sebarang perkembangan di laman sesawang  dan akaun media sosial rasmi."
292,2020-03-25 07:02:59+00:00," Hi, 
Berdasarkan pengumuman terkini mengenai moratorium automatik ke atas pembayaran pinjaman/pembiayaan, Bank sedang mengkaji proses tersebut.

Kami akan mengumumkan sebarang perkembangan di laman sesawang  dan akaun media sosial rasmi.
Sekian"
293,2020-03-25 06:59:56+00:00,"_ Hi, _

Berdasarkan pengumuman terkini mengenai moratorium automatik ke atas pembayaran pinjaman/pembiayaan, Bank sedang mengkaji proses tersebut.

Kami akan mengumumkan sebarang perkembangan di laman sesawang  dan akaun media sosial rasmi."
294,2020-03-25 06:57:49+00:00," Dear Fleur √âdelie

Based on the latest announcement on the automatic moratorium on repayment/payment of loans/financing, the Bank is looking into the process.

Stay tuned for our updates on  and official social media accounts.

Thank you."
295,2020-03-25 06:55:46+00:00,"_ Salam Sejahtera daripada AmBank,

Hi, _
Sila rujuk 'Inbox' anda untuk melihat maklumbalas kami.

Sekian"
296,2020-03-25 03:20:46+00:00,"_whiskey93 Greetings from AmBank,

Hai, _whiskey93.

Our sincere apologies for such unpleasant experience that you have encountered.
Kindly allow us to look into this matter and we shall respond to your good self accordingly.

Regards."
297,2020-03-25 03:15:29+00:00," Salam Sejahtera daripada AmBank,

Hai, .

Kami memohon kerjasama anda untuk merujuk kepada ‚ÄúDM‚Äù anda untuk maklumbalas kami.

Sekian."
298,2020-03-25 03:08:50+00:00," Salam Sejahtera daripada AmBank,
Hai, .
Kami memohon maaf diatas segala kesulitan yang dihadapi oleh pihak anda. Sila lengkapkan maklumat dibawah melalui ‚ÄúDM‚Äù untuk tindakan dan rujukan kami.
1. Nama penuh pemegang akaun:
2. NRIC 
3. Nombor yang boleh dihubungi.
Sekian"
299,2020-03-24 07:00:46+00:00," Salam Sejahtera daripada AmBank,

Hai, .

Kami memohon kerjasama anda untuk merujuk ‚ÄúDM‚Äù anda untuk maklumbalas kami.

Sekian."
300,2020-03-23 08:05:14+00:00,"_ Hi zeusss

Our apologies for the inconvenience caused.

We would appreciate if you could DM us your personal details for our further checking on this matter.

Regards"
301,2020-03-23 08:02:56+00:00," Hai MohdZuraidy

Kami menasihatkan anda untuk membuat laporan di mana-mana cawangan AmBank yang berdekatan. Sila bawa bersama wang tersebut untuk pengesahan pihak cawangan. 

Sekian."
302,2020-03-23 04:39:40+00:00," Hi SF

AmBank Group will offer temporary deferment of installment repayments up to 6 months. You may contact our AmBank Contact Center at 03-2178 8888 or please DM us below details:

Full name
IC 
Type of financing
Contact number

Regards,"
303,2020-03-21 15:03:25+00:00," Salam Sejahtera daripada AmBank 

Hai, mfco

Skim penangguhan bayaran khas untuk semua pinjaman dengan AmBank.

Sekian,"
304,2020-03-21 15:01:36+00:00," Greetings from AmBank 

Hi, Johan Taharin 

AmBank Group will offer temporary deferment of installment repayments up to 6 months. You may contact our AmBank Contact Center at 03-2178 8888 or please DM us below details:

Full name
IC 
Type of financing
Contact number

Regards,"
305,2020-03-21 09:10:17+00:00,"Good evening everyone. We bring you an urgent update on our branch operations. Meanwhile, please remain home, stay safe and take care. "
306,2020-03-20 06:20:24+00:00,"_412 Greetings from AmBank,

Hi, _412.

AmBank Group will offer temporary deferment scheme of monthly installment repayment up to 6 months.

We would appreciate if you could contact our AmBank Retail Collection Unit at 03- 20546688 for further clarification

Stay safe."
307,2020-03-20 06:14:11+00:00," Salam Sejahtera daripada AmBank,

Hai, .

AmBank ada menawarkan Skim Penangguhan sementara khas untuk pelanggan Pembiayaan AmBank yang terkesan oleh Wabak Coronavirus. 

Sila hubungi Pusat Panggilan Bahagian Kutipan Kredit di talian 03- 20546688.

Stay safe."
308,2020-03-20 06:13:10+00:00,"     @_bankislam       Salam Sejahtera daripada AmBank,

Hai, .

AmBank ada menawarkan Skim Penangguhan sementara khas untuk pelanggan Pembiayaan AmBank yang terkesan oleh Wabak Coronavirus. 

Sila hubungi Pusat Panggilan Bahagian Kutipan Kredit di talian 03- 20546688.

Stay safe."
309,2020-03-19 04:01:26+00:00,"   _fadzil  Hi, Ramzdhan

Thank you, please be safe wherever you are."
310,2020-03-19 03:32:30+00:00,"   _fadzil  Greetings from AmBank 

Hi, 

AmBank Group will offer temporary deferment scheme of monthly installment repayment up to 6 months.

We would appreciate if you could contact our AmBank Retail Collection Unit at 03- 20546688 for further clarification

Please stay safe"
311,2020-03-19 02:49:48+00:00," _nor Salam Sejahtera daripada AmBank 

Hai, TN


AmBank ada menawarkan Skim Penangguhan sementara khas untuk pelanggan Pembiayaan AmBank yang terkesan oleh Wabak Coronavirus. 

Sila hubungi Pusat Panggilan Bahagian Kutipan Kredit di talian 03- 20546688.

Stay safe"
312,2020-03-19 02:47:14+00:00," Salam Sejahtera daripada AmBank 

Hai, 

AmBank ada menawarkan Skim Penangguhan sementara khas untuk pelanggan Pembiayaan AmBank yang terkesan oleh Wabak Coronavirus. 

Sila hubungi Pusat Panggilan Bahagian Kutipan Kredit di talian 03- 20546688.

Stay safe."
313,2020-03-19 02:44:27+00:00," Greetings from AmBank

Hi, ùïÄùï•'ùï§ ùïÑùîº

We would appreciate if you could immediately contact our AmBank Contact Center at 03-2178 8888.

Thank you"
314,2020-03-19 01:52:30+00:00," Salam Sejahtera daripada AmBank 

Hai amirfaliq_mj

Kami memohon maaf atas segala kesulitan yang dihadapi. Sila kemukakan nombor pendaftaran kenderaan anda dan nombor telefon melalui DM untuk siasatan lanjut. 

AmBank menawarkan Skim Penangguhan sementara khas untuk pelanggan"
315,2020-03-18 05:08:05+00:00,"   Greetings from AmBank 

Hi, yusri yusoff

AmBank Group will offer temporary deferment scheme of monthly installment repayment up to 6 months.

We would appreciate if you could contact our AmBank Retail Collection Unit at 03- 20546688 for further clarification

Please stay safe"
316,2020-03-18 02:01:24+00:00,"   Salam Sejahtera daripada AmBank 

Hai, Fleur √âdelie

AmBank ada menawarkan Skim Penangguhan sementara khas untuk pelanggan Pembiayaan AmBank yang terkesan oleh Wabak Coronavirus. 

Sila hubungi Pusat Panggilan Bahagian Kutipan Kredit di talian 03- 20546688.

Stay safe. Sekian"
317,2020-03-16 03:10:52+00:00," Greetings from AmBank,

We can assure you that AmBank branches are not affected to the spread of Covid-19.

We take serious precautionary measures to ensure our operations are not affected.‚Äù

Thank you."
318,2020-03-12 11:00:26+00:00,"The BNM Special Relief Facility for SMEs Impacted by COVID-19 is now available. 

For more information, please visit 

    "
319,2020-03-12 04:49:23+00:00,"_doraaaaa We advise you to be vigilant and to not share your card informations with unknown parties. If you suspect that your card has been compromised, immediately contact our 24-hour AmBank Call Centre.

Regards"
320,2020-03-12 04:49:11+00:00,"_doraaaaa Hi Dora

With regards to this matter, we assure you that there is no credible evidence that the card data have been leaked. We would like to reassure you that we take data privacy and protection seriously &amp; we constantly monitor card transactions for unusual activities."
321,2020-03-12 04:47:40+00:00,"_Sarikei We advise you to be vigilant and to not share your card informations with unknown parties. If you suspect that your card has been compromised, immediately contact our 24-hour AmBank Call Centre.

Regards"
322,2020-03-12 04:47:29+00:00,"_Sarikei Hi Same_Sarikei

With regards to this matter, we assure you that there is no credible evidence that the card data have been leaked. We would like to reassure you that we take data privacy and protection seriously &amp; we constantly monitor card transactions for unusual activities."
323,2020-03-12 04:45:44+00:00,"_84 We advise you to be vigilant and to not share your card informations with unknown parties. If you suspect that your card has been compromised, immediately contact our 24-hour AmBank Call Centre.

Regards"
324,2020-03-12 04:45:30+00:00,"_84 Hi sauffie

With regards to this matter, we assure you that there is no credible evidence that the card data have been leaked. We would like to reassure you that we take data privacy and protection seriously &amp; we constantly monitor card transactions for unusual activities."
325,2020-03-12 04:43:14+00:00," Hi 

With regards to this matter, we assure you that there is no credible evidence that the card data have been leaked. We reassure you that we take data privacy and protection seriously &amp; we constantly monitor card transactions for unusual activities."
326,2020-03-12 04:41:44+00:00," We advise you to be vigilant and to not share your card informations with unknown parties. If you suspect that your card has been compromised, immediately contact our 24-hour AmBank Call Centre.

Regards"
327,2020-03-12 04:41:22+00:00," Hi ccm168, with regards to this matter, we assure you that there is no credible evidence that the card data have been leaked. We reassure you that we take data privacy and protection seriously &amp; we constantly monitor card transactions for unusual activities."
328,2020-03-12 04:34:51+00:00," If you suspect that your card has been compromised, immediately contact our 24-hour AmBank Call Centre.

Regards"
329,2020-03-12 04:34:34+00:00," We advise you to be vigilant and to not share your card information, such as your Personal Identification Number (PIN), CVV and one-time Password such as Transaction Authorisation Code (TAC), with unknown parties."
330,2020-03-12 04:34:10+00:00, We would like to reassure you that we take data privacy and protection seriously and we constantly monitor card transactions for unusual activities.
331,2020-03-12 04:33:49+00:00," Hi ayim

We sincerely apologize for the delay in response pertaining your query to the said matter.

With regards to the news circulating on the internet, we would like to assure you that there is no credible evidence that credit and debit card data have been leaked."
332,2020-03-12 04:31:25+00:00,"  Hi A. N.A.

We sincerely apologize for the confusion towards this matter. We have sent a message to you in regards to the date leaked issue. You may refer your DM for further details. 

Regards"
333,2020-03-11 12:13:27+00:00,"  Hai Aimi,

Berhubung dengan pertanyaan anda, kami sarankan anda untuk menghubungi Pusat Khidmat Pelanggan AmBank di +603 2178 8888 untuk semakan lanjut."
334,2020-03-11 05:31:15+00:00," Kami menyarankan Cik untuk menghubungi Pusat Panggilan AmBank (24 Jam) di talian +603-2178 8888 bagi membuat semakan berkenaan perkara ini. 

Eksekutif Perkhidmatan Pelanggan kami akan membantu anda setelah pengesahan dilakukan.

Segala kesulitan yang dihadapi amatlah dikesali."
335,2020-03-10 09:06:27+00:00,"  Hi, yes for more information please visit our website at this link: 

Regards,"
336,2020-03-10 04:25:00+00:00," Hai eykaJamaludin

Kami hargai jika anda boleh memberikan mesej ralat yang terpapar pada skrin untuk nasihat kami yang selanjutnya."
337,2020-03-10 04:23:11+00:00,"_Samadi Hai Afiqah_Samadi

Kami hargai jika anda boleh memberikan mesej ralat yang terpapar pada skrin untuk nasihat kami yang selanjutnya."
338,2020-03-09 10:06:52+00:00," Hi wolfgang, we have replied to your query. You may refer your DM."
339,2020-03-09 05:13:09+00:00,"_mainah Hi A rahman mainah

we regret to learn of the unpleasant experience you have encountered. 

We would appreciate if you could DM your personal details for our further investigation on the said matter. 

Regards"
340,2020-03-09 05:08:41+00:00,"_tamin Hai faqih_tamin

Kami memohon maaf di atas kesulitan ini. 

Boleh kami tahu samaada anda menggunakan laman web atau aplikasi telefon bimbit?"
341,2020-03-05 06:11:32+00:00," Salam Sejahtera daripada AmBank. 

Hai, .

Kami memohon maaf untuk segala kesulitan yang dialami oleh anda. Kami telah menghantar mesej dalam peti masuk peribadi anda untuk bantuan lanjut.

Terima kasih."
342,2020-03-02 08:42:26+00:00," Salam Sejahtera daripada AmBank,

Hi, .

We have responded to your query via DM (direct message) for your further reference.

Regards."
343,2020-03-01 10:30:21+00:00," Greetings from AmBank.

Hi, .

We wish to share, our Retail Collection hotline number is +603 2054 6688 /+ 603 2058 1999 (8.45am ‚Äì 5.45pm, Monday - Thursday, 8.45am - 4.45pm, on Friday).
 
Regards,"
344,2020-02-28 12:42:18+00:00,"  Hi, Zana.

The issue has been rectified.

We would appreciate if you may retry after following the troubleshooting steps as below: 
‚Ä¢ Make sure phone is in high coverage
‚Ä¢ Restarted phone to refresh network

Alternatively, you may swap SIM to another phone and retry.

Regards,"
345,2020-02-28 11:08:05+00:00," Greetings from AmBank.

Hi, Muhammad Fatrim.

Please be advised to visit to the nearest AmBank branches for further clarification on the amount charged.

Regards,"
346,2020-02-28 08:41:50+00:00," Greetings from AmBank.

Hi, .

We thank you for your feedback and suggestion, we will highlight this matter to the management. We will do the improvement in the future to serve you better.

Thank you."
347,2020-02-27 03:51:47+00:00," Greetings from AmBank.

Hi, .

We believe that the issue has been rectified. We suggest that you may retry again. Do let us know if the same issue still persists.

Thank you."
348,2020-02-25 11:18:41+00:00,"_senget Salam Sejahtera daripada AmBank,
 
Hai, _senget.

Untuk makluman anda resit bayaran hanya akan dikeluarkan selepas pembayaran dilakukan.

Sebagai cadangan, anda boleh menyemak status pembayaran anda di aplikasi AmOnline.

Sekian."
349,2020-02-25 11:04:12+00:00," Salam Sejahtera daripada AmBank,
 
Hai, .

Sebagai cadangan, anda boleh menyemak baki akaun pembiayaan sewa-beli kenderaan melalui aplikasi AmOnline.

Secara alternatif, pihak anda boleh menghubungi Pusat Panggilan 24Jam AmBank kami di talian +603-2178 8888.

Sekian."
350,2020-02-25 10:56:46+00:00," Greetings from AmBank,

Hi, .

We wish to share that your accumulated AmBonus points are applicable to be viewed through your monthly statement in AmOnline application in the e-statement column.

Regards."
351,2020-02-25 08:24:59+00:00," Hi, Tengku Alauddin

Please be informed that auto financing is applicable to new and used car.

Please visit nearest AmBank branch to proceed with application.

Regards,"
352,2020-02-13 12:10:01+00:00," Greetings from AmBank,

Hi, .
Our sincere apologize for the late respond to your DM. Kindly be informed that we have replied to your DM accordingly concerning to your query. We would appreciate if you may refer to you DM.
Regards."
353,2020-02-13 12:06:30+00:00,"_zainol Salam Sejahtera daripada AmBank,

Hai, _zainol.

Kami memohon maaf diatas kelewatan memberikan maklumbalas kepada pihak anda. Harap maklum bahawa pihak kami dalam tindakan untuk mengesahkan dengan bahagian yang berkenaan.

Sekian."
354,2020-02-12 12:18:02+00:00," Greetings from AmBank,
Hi, .
We have replied to your DM accordingly.
Regards."
355,2020-02-10 12:08:12+00:00," Greetings from AmBank,

Hi, nurlidiah. Our sincere apologies for such unpleasant experience that you have encountered.We would appreciate if you could provide more details for our further investigation via PM (Private Message):
1. Your full name:
2. Your contact number:
Regards,"
356,2020-02-06 08:34:42+00:00,Happy to share our local &amp; international awards. These are in recognition of our  continuous efforts to serve &amp; meet the needs of respective markets &amp; our commitment towards business excellence &amp; customer satisfaction. Thank you dear customers for your continuous support with us! 
357,2020-02-05 12:40:23+00:00,"_ Salam Sejahtera daripada AmBank, Hai, _ Kami memohon maaf diatas segala kesulitan yang dihadapi oleh pihak anda. Harap maklum bahawa kami telah memajukan perkara ini kepada bahagian yang berkenaan untuk tindakan lanjut. Segala kesulitan yang dihadapi amat kami kesali."
358,2020-02-04 09:37:02+00:00," Hi, you may walk on to the nearest AmBank branch for account opening.

For more details on our Savings account products, you may refer to below link: 



Regards"
359,2020-02-04 07:19:29+00:00,"Earlier this morning, the lion dance troop visited Menara AmBank! Our Chairman, Tan Sri Azman Hashim, our senior management team, fellow colleagues and customers were on ground to watch the entertaining lion dance. Huat ah everyone! 
   "
360,2020-02-03 08:04:47+00:00," Hi ainn, kami hargai jika anda dapat memberikan penerangan terperinci mengenai permasalahaan yang dihadapi untuk nasihat kami yang selanjutnya."
361,2020-02-03 07:59:05+00:00,"_Amal1 Hi Miss, we regret to learn of the unpleasant experience you have encountered at our branch. Our apologies for the inconvenience caused.

We would appreciate if you could DM us your personal details and the branch location for our further checking on this incident. 

Regards,"
362,2020-01-29 12:08:45+00:00,"_sharif Salam Sejahtera daripada AmBank,

Hi, _sharif
Harap maklum bahawa cawangan AmBank yang berkenaan akan memproses cek anda dengan sewajarnya. Walau bagaimanapun, kami mencadangkan kepada anda mengesahkan dengan cawangan AmBank tersebut untuk status cek anda.

Sekian."
363,2020-01-21 10:59:01+00:00,"Good news, fit bank notes for Chinese New Year are here! RM10 and RM50 bank notes are available via our ATM machines at selected AmBank branches nationwide from 20 Jan 2020 till 28 Jan 2020. Visit  for info.
    "
364,2020-01-20 01:29:05+00:00,"We kickstarted the Year of the Metal Rat by hosting a Clients Networking &amp; Appreciation Dinner in Miri last week. Our Chief Economist Dr. Anthony Dass shared the market outlook of 2020 while Mr. James Yong, SVP Sarawak Region opened the insightful session.
 "
365,2020-01-15 12:57:51+00:00," Hai Ummu, adakah anda masih lagi mengalami masalah ini? Kami memohon maaf atas kesulitan ini."
366,2020-01-10 04:06:37+00:00,"DOUBLE your entries to win yourself a trip to Japan. And, all you need to is submit your NRIC to our WeChat Official Account! Exclusively for AmBank Mastercard¬Æ Credit Cardholders.

Campaign period from 15 October 2019 till 15 January 2020. For T&amp;C, visit  "
367,2020-01-02 09:12:29+00:00,"DOUBLE your entries to win yourself a trip to Japan. And, all you need to is submit your NRIC to our WeChat Official Account! Exclusively for AmBank Mastercard¬Æ Credit Cardholders.

Campaign period from 15 October 2019 till 15 January 2020. For T&amp;C, visit  "
